{"cameraMode":{"drawMode":0,"name":"Shaded","section":"Shading Mode"},"sceneLighting":true,"audioPlay":false,"sceneViewState":{"m_AlwaysRefresh":false,"showFog":true,"showSkybox":true,"showFlares":true,"showImageEffects":true,"showParticleSystems":true,"showVisualEffectGraphs":true,"m_FxEnabled":true},"in2DMode":false,"pivot":{"x":2.9626173973083498,"y":2.8753018379211427,"z":-5.325242042541504},"rotation":{"x":-0.20319263637065888,"y":0.19450709223747254,"z":-0.04112836346030235,"w":-0.9588481783866882},"size":8.377887725830079,"orthographic":false}