{"cameraMode":{"drawMode":0,"name":"Shaded","section":"Shading Mode"},"sceneLighting":true,"audioPlay":false,"sceneViewState":{"m_AlwaysRefresh":false,"showFog":true,"showSkybox":true,"showFlares":true,"showImageEffects":true,"showParticleSystems":true,"showVisualEffectGraphs":true,"m_FxEnabled":true},"in2DMode":false,"pivot":{"x":924.999755859375,"y":497.3834228515625,"z":36.724029541015628},"rotation":{"x":-0.10512057691812515,"y":-0.0008782262448221445,"z":0.00012001333379885182,"w":-0.9945395588874817},"size":582.0217895507813,"orthographic":false}